timestamp_ms,scenario,uri,edit_id,dv,phase1_outcome,phase1_1_outcome,compiled,compile_ms,end_to_end_ms,diagnostics_count,bytes_open_docs,cache_entries_phase1,cache_entries_phase1_1,options_fp8,deps_fp8,workspace_fp8,published,note
0,cross_file,file:///test/C.mc,0,0,miss:content_changed,miss:content_changed,1,0,0,1,100,1/1,0/1,12345678,87654321,11111111,1,
10,cross_file,file:///test/A.mc,1,0,miss:deps_changed,miss:workspace_hash_changed,0,0,0,0,100,1/1,0/1,12345678,87654321,11111111,1,
20,cross_file,file:///test/A.mc,2,0,miss:content_changed,miss:content_changed,1,0,0,1,100,1/1,0/1,12345678,87654321,11111111,1,
30,cross_file,file:///test/C.mc,3,1,miss:content_changed,miss:content_changed,0,0,0,1,100,1/1,0/1,12345678,87654321,11111111,1,
40,cross_file,file:///test/A.mc,4,1,miss:deps_changed,miss:workspace_hash_changed,0,0,0,0,100,1/1,0/1,12345678,87654321,11111111,1,
50,cross_file,file:///test/A.mc,5,1,miss:content_changed,miss:content_changed,1,0,0,1,100,1/1,0/1,12345678,87654321,11111111,1,
60,cross_file,file:///test/C.mc,6,2,miss:content_changed,miss:content_changed,0,0,0,1,100,1/1,0/1,12345678,87654321,11111111,1,
70,cross_file,file:///test/A.mc,7,2,miss:deps_changed,miss:workspace_hash_changed,0,0,0,0,100,1/1,0/1,12345678,87654321,11111111,1,
80,cross_file,file:///test/A.mc,8,2,miss:content_changed,miss:content_changed,1,0,0,1,100,1/1,0/1,12345678,87654321,11111111,1,
90,cross_file,file:///test/C.mc,9,3,miss:content_changed,miss:content_changed,0,0,0,1,100,1/1,0/1,12345678,87654321,11111111,1,
100,cross_file,file:///test/A.mc,10,3,miss:deps_changed,miss:workspace_hash_changed,0,0,0,0,100,1/1,0/1,12345678,87654321,11111111,1,
110,cross_file,file:///test/A.mc,11,3,miss:content_changed,miss:content_changed,1,0,0,1,100,1/1,0/1,12345678,87654321,11111111,1,
120,cross_file,file:///test/C.mc,12,4,miss:content_changed,miss:content_changed,0,0,0,1,100,1/1,0/1,12345678,87654321,11111111,1,
130,cross_file,file:///test/A.mc,13,4,miss:deps_changed,miss:workspace_hash_changed,0,0,0,0,100,1/1,0/1,12345678,87654321,11111111,1,
140,cross_file,file:///test/A.mc,14,4,miss:content_changed,miss:content_changed,1,0,0,1,100,1/1,0/1,12345678,87654321,11111111,1,
150,cross_file,file:///test/C.mc,15,5,miss:content_changed,miss:content_changed,0,0,0,1,100,1/1,0/1,12345678,87654321,11111111,1,
160,cross_file,file:///test/A.mc,16,5,miss:deps_changed,miss:workspace_hash_changed,0,0,0,0,100,1/1,0/1,12345678,87654321,11111111,1,
170,cross_file,file:///test/A.mc,17,5,miss:content_changed,miss:content_changed,1,0,0,1,100,1/1,0/1,12345678,87654321,11111111,1,
180,cross_file,file:///test/C.mc,18,6,miss:content_changed,miss:content_changed,0,0,0,1,100,1/1,0/1,12345678,87654321,11111111,1,
190,cross_file,file:///test/A.mc,19,6,miss:deps_changed,miss:workspace_hash_changed,0,0,0,0,100,1/1,0/1,12345678,87654321,11111111,1,
200,cross_file,file:///test/A.mc,20,6,miss:content_changed,miss:content_changed,1,0,0,1,100,1/1,0/1,12345678,87654321,11111111,1,
210,cross_file,file:///test/C.mc,21,7,miss:content_changed,miss:content_changed,0,0,0,1,100,1/1,0/1,12345678,87654321,11111111,1,
220,cross_file,file:///test/A.mc,22,7,miss:deps_changed,miss:workspace_hash_changed,0,0,0,0,100,1/1,0/1,12345678,87654321,11111111,1,
230,cross_file,file:///test/A.mc,23,7,miss:content_changed,miss:content_changed,1,0,0,1,100,1/1,0/1,12345678,87654321,11111111,1,
240,cross_file,file:///test/C.mc,24,8,miss:content_changed,miss:content_changed,0,0,0,1,100,1/1,0/1,12345678,87654321,11111111,1,
250,cross_file,file:///test/A.mc,25,8,miss:deps_changed,miss:workspace_hash_changed,0,0,0,0,100,1/1,0/1,12345678,87654321,11111111,1,
260,cross_file,file:///test/A.mc,26,8,miss:content_changed,miss:content_changed,1,0,0,1,100,1/1,0/1,12345678,87654321,11111111,1,
270,cross_file,file:///test/C.mc,27,9,miss:content_changed,miss:content_changed,0,0,0,1,100,1/1,0/1,12345678,87654321,11111111,1,
280,cross_file,file:///test/A.mc,28,9,miss:deps_changed,miss:workspace_hash_changed,0,0,0,0,100,1/1,0/1,12345678,87654321,11111111,1,
290,cross_file,file:///test/A.mc,29,9,miss:content_changed,miss:content_changed,1,0,0,1,100,1/1,0/1,12345678,87654321,11111111,1,
300,cross_file,file:///test/C.mc,30,10,miss:content_changed,miss:content_changed,0,0,0,1,100,1/1,0/1,12345678,87654321,11111111,1,
310,cross_file,file:///test/A.mc,31,10,miss:deps_changed,miss:workspace_hash_changed,0,0,0,0,100,1/1,0/1,12345678,87654321,11111111,1,
320,cross_file,file:///test/A.mc,32,10,miss:content_changed,miss:content_changed,1,0,0,1,100,1/1,0/1,12345678,87654321,11111111,1,
330,cross_file,file:///test/C.mc,33,11,miss:content_changed,miss:content_changed,0,0,0,1,100,1/1,0/1,12345678,87654321,11111111,1,
340,cross_file,file:///test/A.mc,34,11,miss:deps_changed,miss:workspace_hash_changed,0,0,0,0,100,1/1,0/1,12345678,87654321,11111111,1,
350,cross_file,file:///test/A.mc,35,11,miss:content_changed,miss:content_changed,1,0,0,1,100,1/1,0/1,12345678,87654321,11111111,1,
360,cross_file,file:///test/C.mc,36,12,miss:content_changed,miss:content_changed,0,0,0,1,100,1/1,0/1,12345678,87654321,11111111,1,
370,cross_file,file:///test/A.mc,37,12,miss:deps_changed,miss:workspace_hash_changed,0,0,0,0,100,1/1,0/1,12345678,87654321,11111111,1,
380,cross_file,file:///test/A.mc,38,12,miss:content_changed,miss:content_changed,1,0,0,1,100,1/1,0/1,12345678,87654321,11111111,1,
390,cross_file,file:///test/C.mc,39,13,miss:content_changed,miss:content_changed,0,0,0,1,100,1/1,0/1,12345678,87654321,11111111,1,
400,cross_file,file:///test/A.mc,40,13,miss:deps_changed,miss:workspace_hash_changed,0,0,0,0,100,1/1,0/1,12345678,87654321,11111111,1,
410,cross_file,file:///test/A.mc,41,13,miss:content_changed,miss:content_changed,1,0,0,1,100,1/1,0/1,12345678,87654321,11111111,1,
420,cross_file,file:///test/C.mc,42,14,miss:content_changed,miss:content_changed,0,0,0,1,100,1/1,0/1,12345678,87654321,11111111,1,
430,cross_file,file:///test/A.mc,43,14,miss:deps_changed,miss:workspace_hash_changed,0,0,0,0,100,1/1,0/1,12345678,87654321,11111111,1,
440,cross_file,file:///test/A.mc,44,14,miss:content_changed,miss:content_changed,1,0,0,1,100,1/1,0/1,12345678,87654321,11111111,1,
450,cross_file,file:///test/C.mc,45,15,miss:content_changed,miss:content_changed,0,0,0,1,100,1/1,0/1,12345678,87654321,11111111,1,
460,cross_file,file:///test/A.mc,46,15,miss:deps_changed,miss:workspace_hash_changed,0,0,0,0,100,1/1,0/1,12345678,87654321,11111111,1,
470,cross_file,file:///test/A.mc,47,15,miss:content_changed,miss:content_changed,1,0,0,1,100,1/1,0/1,12345678,87654321,11111111,1,
480,cross_file,file:///test/C.mc,48,16,miss:content_changed,miss:content_changed,0,0,0,1,100,1/1,0/1,12345678,87654321,11111111,1,
490,cross_file,file:///test/A.mc,49,16,miss:deps_changed,miss:workspace_hash_changed,0,0,0,0,100,1/1,0/1,12345678,87654321,11111111,1,
500,cross_file,file:///test/A.mc,50,16,miss:content_changed,miss:content_changed,1,0,0,1,100,1/1,0/1,12345678,87654321,11111111,1,
510,cross_file,file:///test/C.mc,51,17,miss:content_changed,miss:content_changed,0,0,0,1,100,1/1,0/1,12345678,87654321,11111111,1,
520,cross_file,file:///test/A.mc,52,17,miss:deps_changed,miss:workspace_hash_changed,0,0,0,0,100,1/1,0/1,12345678,87654321,11111111,1,
530,cross_file,file:///test/A.mc,53,17,miss:content_changed,miss:content_changed,1,0,0,1,100,1/1,0/1,12345678,87654321,11111111,1,
540,cross_file,file:///test/C.mc,54,18,miss:content_changed,miss:content_changed,0,0,0,1,100,1/1,0/1,12345678,87654321,11111111,1,
550,cross_file,file:///test/A.mc,55,18,miss:deps_changed,miss:workspace_hash_changed,0,0,0,0,100,1/1,0/1,12345678,87654321,11111111,1,
560,cross_file,file:///test/A.mc,56,18,miss:content_changed,miss:content_changed,1,0,0,1,100,1/1,0/1,12345678,87654321,11111111,1,
570,cross_file,file:///test/C.mc,57,19,miss:content_changed,miss:content_changed,0,0,0,1,100,1/1,0/1,12345678,87654321,11111111,1,
580,cross_file,file:///test/A.mc,58,19,miss:deps_changed,miss:workspace_hash_changed,0,0,0,0,100,1/1,0/1,12345678,87654321,11111111,1,
590,cross_file,file:///test/A.mc,59,19,miss:content_changed,miss:content_changed,1,0,0,1,100,1/1,0/1,12345678,87654321,11111111,1,
600,cross_file,file:///test/C.mc,60,20,miss:content_changed,miss:content_changed,0,0,0,1,100,1/1,0/1,12345678,87654321,11111111,1,
610,cross_file,file:///test/A.mc,61,20,miss:deps_changed,miss:workspace_hash_changed,0,0,0,0,100,1/1,0/1,12345678,87654321,11111111,1,
620,cross_file,file:///test/A.mc,62,20,miss:content_changed,miss:content_changed,1,0,0,1,100,1/1,0/1,12345678,87654321,11111111,1,
630,cross_file,file:///test/C.mc,63,21,miss:content_changed,miss:content_changed,0,0,0,1,100,1/1,0/1,12345678,87654321,11111111,1,
640,cross_file,file:///test/A.mc,64,21,miss:deps_changed,miss:workspace_hash_changed,0,0,0,0,100,1/1,0/1,12345678,87654321,11111111,1,
650,cross_file,file:///test/A.mc,65,21,miss:content_changed,miss:content_changed,1,0,0,1,100,1/1,0/1,12345678,87654321,11111111,1,
660,cross_file,file:///test/C.mc,66,22,miss:content_changed,miss:content_changed,0,0,0,1,100,1/1,0/1,12345678,87654321,11111111,1,
670,cross_file,file:///test/A.mc,67,22,miss:deps_changed,miss:workspace_hash_changed,0,0,0,0,100,1/1,0/1,12345678,87654321,11111111,1,
680,cross_file,file:///test/A.mc,68,22,miss:content_changed,miss:content_changed,1,0,0,1,100,1/1,0/1,12345678,87654321,11111111,1,
690,cross_file,file:///test/C.mc,69,23,miss:content_changed,miss:content_changed,0,0,0,1,100,1/1,0/1,12345678,87654321,11111111,1,
700,cross_file,file:///test/A.mc,70,23,miss:deps_changed,miss:workspace_hash_changed,0,0,0,0,100,1/1,0/1,12345678,87654321,11111111,1,
710,cross_file,file:///test/A.mc,71,23,miss:content_changed,miss:content_changed,1,0,0,1,100,1/1,0/1,12345678,87654321,11111111,1,
720,cross_file,file:///test/C.mc,72,24,miss:content_changed,miss:content_changed,0,0,0,1,100,1/1,0/1,12345678,87654321,11111111,1,
730,cross_file,file:///test/A.mc,73,24,miss:deps_changed,miss:workspace_hash_changed,0,0,0,0,100,1/1,0/1,12345678,87654321,11111111,1,
740,cross_file,file:///test/A.mc,74,24,miss:content_changed,miss:content_changed,1,0,0,1,100,1/1,0/1,12345678,87654321,11111111,1,
750,cross_file,file:///test/C.mc,75,25,miss:content_changed,miss:content_changed,0,0,0,1,100,1/1,0/1,12345678,87654321,11111111,1,
760,cross_file,file:///test/A.mc,76,25,miss:deps_changed,miss:workspace_hash_changed,0,0,0,0,100,1/1,0/1,12345678,87654321,11111111,1,
770,cross_file,file:///test/A.mc,77,25,miss:content_changed,miss:content_changed,1,0,0,1,100,1/1,0/1,12345678,87654321,11111111,1,
780,cross_file,file:///test/C.mc,78,26,miss:content_changed,miss:content_changed,0,0,0,1,100,1/1,0/1,12345678,87654321,11111111,1,
790,cross_file,file:///test/A.mc,79,26,miss:deps_changed,miss:workspace_hash_changed,0,0,0,0,100,1/1,0/1,12345678,87654321,11111111,1,
800,cross_file,file:///test/A.mc,80,26,miss:content_changed,miss:content_changed,1,0,0,1,100,1/1,0/1,12345678,87654321,11111111,1,
810,cross_file,file:///test/C.mc,81,27,miss:content_changed,miss:content_changed,0,0,0,1,100,1/1,0/1,12345678,87654321,11111111,1,
820,cross_file,file:///test/A.mc,82,27,miss:deps_changed,miss:workspace_hash_changed,0,0,0,0,100,1/1,0/1,12345678,87654321,11111111,1,
830,cross_file,file:///test/A.mc,83,27,miss:content_changed,miss:content_changed,1,0,0,1,100,1/1,0/1,12345678,87654321,11111111,1,
840,cross_file,file:///test/C.mc,84,28,miss:content_changed,miss:content_changed,0,0,0,1,100,1/1,0/1,12345678,87654321,11111111,1,
850,cross_file,file:///test/A.mc,85,28,miss:deps_changed,miss:workspace_hash_changed,0,0,0,0,100,1/1,0/1,12345678,87654321,11111111,1,
860,cross_file,file:///test/A.mc,86,28,miss:content_changed,miss:content_changed,1,0,0,1,100,1/1,0/1,12345678,87654321,11111111,1,
870,cross_file,file:///test/C.mc,87,29,miss:content_changed,miss:content_changed,0,0,0,1,100,1/1,0/1,12345678,87654321,11111111,1,
880,cross_file,file:///test/A.mc,88,29,miss:deps_changed,miss:workspace_hash_changed,0,0,0,0,100,1/1,0/1,12345678,87654321,11111111,1,
890,cross_file,file:///test/A.mc,89,29,miss:content_changed,miss:content_changed,1,0,0,1,100,1/1,0/1,12345678,87654321,11111111,1,
